competition_id;competition_name;season;season_label;team_id;team_name;team_logo;rank;points;played;wins;draws;losses;goals_for;goals_against;goal_diff;standing_form;description
61;Ligue 1;2022;2022-2023;85;Paris Saint Germain;https://media.api-sports.io/football/teams/85.png;1;85;38;27;4;7;89;40;49;LDWWW;Promotion - Champions League (Group Stage: )
61;Ligue 1;2022;2022-2023;116;Lens;https://media.api-sports.io/football/teams/116.png;2;84;38;25;9;4;68;29;39;WWWWW;Promotion - Champions League (Group Stage: )
61;Ligue 1;2022;2022-2023;81;Marseille;https://media.api-sports.io/football/teams/81.png;3;73;38;22;7;9;67;40;27;LLLWL;Promotion - Champions League (Qualification: )
61;Ligue 1;2022;2022-2023;94;Rennes;https://media.api-sports.io/football/teams/94.png;4;68;38;21;5;12;69;39;30;WWWWL;Promotion - Europa League (Group Stage: )
61;Ligue 1;2022;2022-2023;79;Lille;https://media.api-sports.io/football/teams/79.png;5;67;38;19;10;9;65;44;21;DWWDL;Promotion - Europa Conference League (Qualification: )
61;Ligue 1;2022;2022-2023;91;Monaco;https://media.api-sports.io/football/teams/91.png;6;65;38;19;8;11;70;58;12;LLLDW;
61;Ligue 1;2022;2022-2023;80;Lyon;https://media.api-sports.io/football/teams/80.png;7;62;38;18;8;12;65;47;18;LWWLW;
61;Ligue 1;2022;2022-2023;99;Clermont Foot;https://media.api-sports.io/football/teams/99.png;8;59;38;17;8;13;45;49;-4;WWLWD;
61;Ligue 1;2022;2022-2023;84;Nice;https://media.api-sports.io/football/teams/84.png;9;58;38;15;13;10;48;37;11;WWDLW;
61;Ligue 1;2022;2022-2023;97;Lorient;https://media.api-sports.io/football/teams/97.png;10;55;38;15;10;13;52;53;-1;WLLDW;
61;Ligue 1;2022;2022-2023;93;Reims;https://media.api-sports.io/football/teams/93.png;11;51;38;12;15;11;45;45;0;LLDLW;
61;Ligue 1;2022;2022-2023;82;Montpellier;https://media.api-sports.io/football/teams/82.png;12;50;38;15;5;18;65;62;3;WLWDL;
61;Ligue 1;2022;2022-2023;96;Toulouse;https://media.api-sports.io/football/teams/96.png;13;48;38;13;9;16;51;57;-6;WDDDD;Promotion - Europa League (Group Stage: )
61;Ligue 1;2022;2022-2023;106;Stade Brestois 29;https://media.api-sports.io/football/teams/106.png;14;44;38;11;11;16;44;54;-10;LWWWL;
61;Ligue 1;2022;2022-2023;95;Strasbourg;https://media.api-sports.io/football/teams/95.png;15;40;38;9;13;16;51;59;-8;LDDWW;
61;Ligue 1;2022;2022-2023;83;Nantes;https://media.api-sports.io/football/teams/83.png;16;36;38;7;15;16;37;55;-18;WLLDL;
61;Ligue 1;2022;2022-2023;108;Auxerre;https://media.api-sports.io/football/teams/108.png;17;35;38;8;11;19;35;63;-28;LDLLD;Relegation - Ligue 2
61;Ligue 1;2022;2022-2023;98;Ajaccio;https://media.api-sports.io/football/teams/98.png;18;26;38;7;5;26;23;74;-51;WLLLD;Relegation - Ligue 2
61;Ligue 1;2022;2022-2023;110;Estac Troyes;https://media.api-sports.io/football/teams/110.png;19;24;38;4;12;22;45;81;-36;DLDLL;Relegation - Ligue 2
61;Ligue 1;2022;2022-2023;77;Angers;https://media.api-sports.io/football/teams/77.png;20;18;38;4;6;28;33;81;-48;LWDLL;Relegation - Ligue 2
61;Ligue 1;2023;2023-2024;85;Paris Saint Germain;https://media.api-sports.io/football/teams/85.png;1;76;34;22;10;2;81;33;48;WWLDW;Promotion - Champions League (League phase: )
61;Ligue 1;2023;2023-2024;91;Monaco;https://media.api-sports.io/football/teams/91.png;2;67;34;20;7;7;68;42;26;WWWLW;Promotion - Champions League (League phase: )
61;Ligue 1;2023;2023-2024;106;Stade Brestois 29;https://media.api-sports.io/football/teams/106.png;3;61;34;17;10;7;53;34;19;WDDWL;Promotion - Champions League (League phase: )
61;Ligue 1;2023;2023-2024;79;Lille;https://media.api-sports.io/football/teams/79.png;4;59;34;16;11;7;52;34;18;DWLWL;Promotion - Champions League (Qualification: )
61;Ligue 1;2023;2023-2024;84;Nice;https://media.api-sports.io/football/teams/84.png;5;55;34;15;10;9;40;29;11;DLWWD;Promotion - Europa League (League phase: )
61;Ligue 1;2023;2023-2024;80;Lyon;https://media.api-sports.io/football/teams/80.png;6;53;34;16;5;13;49;55;-6;WWWWL;Promotion - Europa League (League phase: )
61;Ligue 1;2023;2023-2024;116;Lens;https://media.api-sports.io/football/teams/116.png;7;51;34;14;9;11;45;37;8;DDWLW;Promotion - Conference League (Qualification: )
61;Ligue 1;2023;2023-2024;81;Marseille;https://media.api-sports.io/football/teams/81.png;8;50;34;13;11;10;52;41;11;WLWWD;
61;Ligue 1;2023;2023-2024;93;Reims;https://media.api-sports.io/football/teams/93.png;9;47;34;13;8;13;42;47;-5;WWDLL;
61;Ligue 1;2023;2023-2024;94;Rennes;https://media.api-sports.io/football/teams/94.png;10;46;34;12;10;12;53;46;7;LDWLW;
61;Ligue 1;2023;2023-2024;96;Toulouse;https://media.api-sports.io/football/teams/96.png;11;43;34;11;10;13;42;46;-4;LWLWD;
61;Ligue 1;2023;2023-2024;82;Montpellier;https://media.api-sports.io/football/teams/82.png;12;41;34;10;12;12;43;48;-5;DLWDW;
61;Ligue 1;2023;2023-2024;95;Strasbourg;https://media.api-sports.io/football/teams/95.png;13;39;34;10;9;15;38;50;-12;LWLLL;
61;Ligue 1;2023;2023-2024;83;Nantes;https://media.api-sports.io/football/teams/83.png;14;33;34;9;6;19;30;55;-25;LLDDL;
61;Ligue 1;2023;2023-2024;111;LE Havre;https://media.api-sports.io/football/teams/111.png;15;32;34;7;11;16;34;45;-11;LLWDL;
61;Ligue 1;2023;2023-2024;112;Metz;https://media.api-sports.io/football/teams/112.png;16;29;34;8;5;21;35;58;-23;LLLLW;Ligue 1 (Promotion - Play Offs: )
61;Ligue 1;2023;2023-2024;97;Lorient;https://media.api-sports.io/football/teams/97.png;17;29;34;7;8;19;43;66;-23;WLLLL;Relegation - Ligue 2
61;Ligue 1;2023;2023-2024;99;Clermont Foot;https://media.api-sports.io/football/teams/99.png;18;25;34;5;10;19;26;60;-34;LLLWL;Relegation - Ligue 2
61;Ligue 1;2024;2024-2025;85;Paris Saint Germain;https://media.api-sports.io/football/teams/85.png;1;84;34;26;6;2;92;35;57;WWLLD;Champions League
61;Ligue 1;2024;2024-2025;81;Marseille;https://media.api-sports.io/football/teams/81.png;2;65;34;20;5;9;74;47;27;WWDWW;Champions League
61;Ligue 1;2024;2024-2025;91;Monaco;https://media.api-sports.io/football/teams/91.png;3;61;34;18;7;9;63;41;22;LWWDD;Champions League
61;Ligue 1;2024;2024-2025;84;Nice;https://media.api-sports.io/football/teams/84.png;4;60;34;17;9;8;66;41;25;WLWWW;Champions League Qualification
61;Ligue 1;2024;2024-2025;79;Lille;https://media.api-sports.io/football/teams/79.png;5;60;34;17;9;8;52;36;16;WLDWW;UEFA Europa League
61;Ligue 1;2024;2024-2025;80;Lyon;https://media.api-sports.io/football/teams/80.png;6;57;34;17;6;11;65;46;19;WLLWL;UEFA Europa League
61;Ligue 1;2024;2024-2025;95;Strasbourg;https://media.api-sports.io/football/teams/95.png;7;57;34;16;9;9;56;44;12;LLWWD;Conference League Qualification
61;Ligue 1;2024;2024-2025;116;Lens;https://media.api-sports.io/football/teams/116.png;8;52;34;15;7;12;42;39;3;WDWLW;
61;Ligue 1;2024;2024-2025;106;Stade Brestois 29;https://media.api-sports.io/football/teams/106.png;9;50;34;15;5;14;52;59;-7;LWWLL;
61;Ligue 1;2024;2024-2025;96;Toulouse;https://media.api-sports.io/football/teams/96.png;10;42;34;11;9;14;44;43;1;WDWDL;
61;Ligue 1;2024;2024-2025;108;Auxerre;https://media.api-sports.io/football/teams/108.png;11;42;34;11;9;14;48;51;-3;LDLWL;
61;Ligue 1;2024;2024-2025;94;Rennes;https://media.api-sports.io/football/teams/94.png;12;41;34;13;2;19;51;50;1;LWLLW;
61;Ligue 1;2024;2024-2025;83;Nantes;https://media.api-sports.io/football/teams/83.png;13;36;34;8;12;14;39;52;-13;WDLDD;
61;Ligue 1;2024;2024-2025;77;Angers;https://media.api-sports.io/football/teams/77.png;14;36;34;10;6;18;32;53;-21;LWWLL;
61;Ligue 1;2024;2024-2025;111;Le Havre;https://media.api-sports.io/football/teams/111.png;15;34;34;10;4;20;40;71;-31;WLWDL;
61;Ligue 1;2024;2024-2025;93;Reims;https://media.api-sports.io/football/teams/93.png;16;33;34;8;9;17;33;47;-14;LDLLL;Relegation Playoffs
61;Ligue 1;2024;2024-2025;1063;Saint Etienne;https://media.api-sports.io/football/teams/1063.png;17;30;34;8;6;20;39;77;-38;LWLLW;Relegation
61;Ligue 1;2024;2024-2025;82;Montpellier;https://media.api-sports.io/football/teams/82.png;18;16;34;4;4;26;23;79;-56;LLLDL;Relegation
